13335,tvtsoft@odoo8,============NOT_FOUND============,,
13336,tw-leansw@leansw-gerrit-ansible,============NOT_FOUND============,,
13337,twaldrop@ursula,============NOT_FOUND============,,
13338,twiest@openshift-ansible,============NOT_FOUND============,,
13339,twiest@openshift-tools,============NOT_FOUND============,,
13340,twilex@twilex-standard,============NOT_FOUND============,,
13341,twisted-infra@twisted-buildbot-deployment,============NOT_FOUND============,,
13342,twistimage@ezpublish-kernel,============NOT_FOUND============,,
13343,two-pack@redmine_xlsx_format_issue_exporter,============NOT_FOUND============,,
13344,twodayslate@countdownimagegenerator,============NOT_FOUND============,,
13345,twosigma@satellite,============NOT_FOUND============,,
13346,txemagon@Q,============NOT_FOUND============,,
13347,txemi@ansible,============NOT_FOUND============,,
13348,tximikel@kuma,============NOT_FOUND============,,
13349,txstate-etc@attendance,============NOT_FOUND============,,
13350,txts@txts,============NOT_FOUND============,,
13351,txus@docker-launcher,============NOT_FOUND============,,
13352,tya@kubernetes,============NOT_FOUND============,,
13353,tyagian@Infrastructure-Automation-Ansible-Nginx,============NOT_FOUND============,,
13354,tyjak@ansible-archlinux,============NOT_FOUND============,,
13355,tylerball@home,============NOT_FOUND============,,
13356,tylerbeal@ore-spark-symfony2,============NOT_FOUND============,,
13357,tylert@ansible-config,============NOT_FOUND============,,
13358,tyll@bodhi,============NOT_FOUND============,,
13359,typus@typus,============NOT_FOUND============,,
0,010PHP@010php.nl,============NOT_FOUND============,,
0,010PHP@010php.nl,NOT_ENOUGH_DEVELOPERS,,
