/home/brokenquark/Workspace/SLIC-Ansible/ansible/Users-akond-SECU_REPOS-ostk-ansi-openstack-ansible-ops-elk_metrics_6x-roles-elastic_heartbeat-handlers-main.yml,NONE
/home/brokenquark/Workspace/SLIC-Ansible/ansible/Users-akond-SECU_REPOS-ostk-ansi-bifrost-playbooks-roles-bifrost-ironic-install-defaults-required_defaults_Fedora_26.yml,HARD_CODE_SECR
/home/brokenquark/Workspace/SLIC-Ansible/ansible/Users-akond-SECU_REPOS-ostk-ansi-bifrost-playbooks-roles-bifrost-ironic-install-defaults-required_defaults_Fedora_26.yml,HARD_CODE_UNAME
/home/brokenquark/Workspace/SLIC-Ansible/ansible/Users-akond-SECU_REPOS-ostk-ansi-openstack-ansible-tests-roles-bootstrap-host-tasks-prepare_loopback_machines.yml,NONE
/home/brokenquark/Workspace/SLIC-Ansible/ansible/Users-akond-SECU_REPOS-ostk-ansi-tripleo-quickstart-roles-libvirt-setup-meta-main.yml,NONE
/home/brokenquark/Workspace/SLIC-Ansible/ansible/Users-akond-SECU_REPOS-ostk-ansi-browbeat-ansible-browbeat-roles-gnocchi-config-tasks-main.yml,SUSP_COMM
/home/brokenquark/Workspace/SLIC-Ansible/ansible/Users-akond-SECU_REPOS-ostk-ansi-tripleo-quickstart-roles-parts-kvm-tasks-main.yml,NONE
/home/brokenquark/Workspace/SLIC-Ansible/ansible/Users-akond-SECU_REPOS-ostk-ansi-ansible-role-systemd_mount-vars-main.yml,NONE
/home/brokenquark/Workspace/SLIC-Ansible/ansible/Users-akond-SECU_REPOS-ostk-ansi-openstack-ansible-ops-elk_metrics_6x-roles-elastic_data_hosts-meta-main.yml,NONE
/home/brokenquark/Workspace/SLIC-Ansible/ansible/Users-akond-SECU_REPOS-ostk-ansi-openstack-ansible-ops-multi-node-aio-playbooks-host_vars-ceph1.yml,NONE
/home/brokenquark/Workspace/SLIC-Ansible/ansible/Users-akond-SECU_REPOS-ostk-ansi-openstack-ansible-inventory-group_vars-ceph-rgw.yml,NONE
/home/brokenquark/Workspace/SLIC-Ansible/ansible/Users-akond-SECU_REPOS-ostk-ansi-openstack-ansible-inventory-env.d-blazar.yml,NONE
/home/brokenquark/Workspace/SLIC-Ansible/ansible/Users-akond-SECU_REPOS-ostk-ansi-ansible-role-systemd_mount-tests-group_vars-all_containers.yml,NONE
/home/brokenquark/Workspace/SLIC-Ansible/ansible/Users-akond-SECU_REPOS-ostk-ansi-browbeat-ansible-check-roles-controller-tasks-main.yml,NONE
/home/brokenquark/Workspace/SLIC-Ansible/ansible/Users-akond-SECU_REPOS-ostk-ansi-bifrost-playbooks-roles-bifrost-keystone-install-defaults-main.yml,HARD_CODE_SECR
/home/brokenquark/Workspace/SLIC-Ansible/ansible/Users-akond-SECU_REPOS-ostk-ansi-bifrost-playbooks-roles-bifrost-keystone-install-defaults-main.yml,HARD_CODE_SECR
/home/brokenquark/Workspace/SLIC-Ansible/ansible/Users-akond-SECU_REPOS-ostk-ansi-bifrost-playbooks-roles-bifrost-keystone-install-defaults-main.yml,HARD_CODE_SECR
/home/brokenquark/Workspace/SLIC-Ansible/ansible/Users-akond-SECU_REPOS-ostk-ansi-bifrost-playbooks-roles-bifrost-keystone-install-defaults-main.yml,HARD_CODE_SECR
/home/brokenquark/Workspace/SLIC-Ansible/ansible/Users-akond-SECU_REPOS-ostk-ansi-bifrost-playbooks-roles-bifrost-keystone-install-defaults-main.yml,HARD_CODE_SECR
/home/brokenquark/Workspace/SLIC-Ansible/ansible/Users-akond-SECU_REPOS-ostk-ansi-bifrost-playbooks-roles-bifrost-keystone-install-defaults-main.yml,HARD_CODE_SECR
/home/brokenquark/Workspace/SLIC-Ansible/ansible/Users-akond-SECU_REPOS-ostk-ansi-bifrost-playbooks-roles-bifrost-keystone-install-defaults-main.yml,HARD_CODE_SECR
/home/brokenquark/Workspace/SLIC-Ansible/ansible/Users-akond-SECU_REPOS-ostk-ansi-bifrost-playbooks-roles-bifrost-keystone-install-defaults-main.yml,EMPT_PASS
/home/brokenquark/Workspace/SLIC-Ansible/ansible/Users-akond-SECU_REPOS-ostk-ansi-bifrost-playbooks-roles-bifrost-keystone-install-defaults-main.yml,HTTP_USAG
/home/brokenquark/Workspace/SLIC-Ansible/ansible/Users-akond-SECU_REPOS-ostk-ansi-bifrost-playbooks-roles-bifrost-keystone-install-defaults-main.yml,HTTP_USAG
/home/brokenquark/Workspace/SLIC-Ansible/ansible/Users-akond-SECU_REPOS-ostk-ansi-bifrost-playbooks-roles-bifrost-keystone-install-defaults-main.yml,HTTP_USAG
/home/brokenquark/Workspace/SLIC-Ansible/ansible/Users-akond-SECU_REPOS-ostk-ansi-bifrost-playbooks-roles-bifrost-keystone-install-defaults-main.yml,HTTP_USAG
/home/brokenquark/Workspace/SLIC-Ansible/ansible/Users-akond-SECU_REPOS-ostk-ansi-bifrost-playbooks-roles-bifrost-keystone-install-defaults-main.yml,HTTP_USAG
/home/brokenquark/Workspace/SLIC-Ansible/ansible/Users-akond-SECU_REPOS-ostk-ansi-bifrost-playbooks-roles-bifrost-keystone-install-defaults-main.yml,HARD_CODE_UNAME
/home/brokenquark/Workspace/SLIC-Ansible/ansible/Users-akond-SECU_REPOS-ostk-ansi-bifrost-playbooks-roles-bifrost-keystone-install-defaults-main.yml,HARD_CODE_UNAME
/home/brokenquark/Workspace/SLIC-Ansible/ansible/Users-akond-SECU_REPOS-ostk-ansi-bifrost-playbooks-roles-bifrost-keystone-install-defaults-main.yml,HARD_CODE_UNAME
/home/brokenquark/Workspace/SLIC-Ansible/ansible/Users-akond-SECU_REPOS-ostk-ansi-bifrost-playbooks-roles-bifrost-keystone-install-defaults-main.yml,HARD_CODE_UNAME
/home/brokenquark/Workspace/SLIC-Ansible/ansible/Users-akond-SECU_REPOS-ostk-ansi-bifrost-playbooks-roles-bifrost-keystone-install-defaults-main.yml,HARD_CODE_PASS
/home/brokenquark/Workspace/SLIC-Ansible/ansible/Users-akond-SECU_REPOS-ostk-ansi-bifrost-playbooks-roles-bifrost-keystone-install-defaults-main.yml,HARD_CODE_PASS
/home/brokenquark/Workspace/SLIC-Ansible/ansible/Users-akond-SECU_REPOS-ostk-ansi-bifrost-playbooks-roles-bifrost-keystone-install-defaults-main.yml,HARD_CODE_PASS
/home/brokenquark/Workspace/SLIC-Ansible/ansible/Users-akond-SECU_REPOS-ostk-ansi-bifrost-playbooks-roles-bifrost-keystone-install-defaults-main.yml,HARD_CODE_SECR
/home/brokenquark/Workspace/SLIC-Ansible/ansible/Users-akond-SECU_REPOS-ostk-ansi-bifrost-playbooks-roles-bifrost-keystone-install-defaults-main.yml,HARD_CODE_SECR
/home/brokenquark/Workspace/SLIC-Ansible/ansible/Users-akond-SECU_REPOS-ostk-ansi-bifrost-playbooks-roles-bifrost-keystone-install-defaults-main.yml,HARD_CODE_SECR
/home/brokenquark/Workspace/SLIC-Ansible/ansible/Users-akond-SECU_REPOS-ostk-ansi-bifrost-playbooks-roles-bifrost-keystone-install-defaults-main.yml,HARD_CODE_SECR
/home/brokenquark/Workspace/SLIC-Ansible/ansible/Users-akond-SECU_REPOS-ostk-ansi-bifrost-playbooks-roles-bifrost-keystone-install-defaults-main.yml,HARD_CODE_SECR
/home/brokenquark/Workspace/SLIC-Ansible/ansible/Users-akond-SECU_REPOS-ostk-ansi-bifrost-playbooks-roles-bifrost-keystone-install-defaults-main.yml,HARD_CODE_SECR
/home/brokenquark/Workspace/SLIC-Ansible/ansible/Users-akond-SECU_REPOS-ostk-ansi-bifrost-playbooks-roles-bifrost-keystone-install-defaults-main.yml,HARD_CODE_SECR
/home/brokenquark/Workspace/SLIC-Ansible/ansible/Users-akond-SECU_REPOS-ostk-ansi-bifrost-playbooks-roles-bifrost-keystone-install-defaults-main.yml,EMPT_PASS
/home/brokenquark/Workspace/SLIC-Ansible/ansible/Users-akond-SECU_REPOS-ostk-ansi-bifrost-playbooks-roles-bifrost-keystone-install-defaults-main.yml,HTTP_USAG
/home/brokenquark/Workspace/SLIC-Ansible/ansible/Users-akond-SECU_REPOS-ostk-ansi-bifrost-playbooks-roles-bifrost-keystone-install-defaults-main.yml,HTTP_USAG
/home/brokenquark/Workspace/SLIC-Ansible/ansible/Users-akond-SECU_REPOS-ostk-ansi-bifrost-playbooks-roles-bifrost-keystone-install-defaults-main.yml,HTTP_USAG
/home/brokenquark/Workspace/SLIC-Ansible/ansible/Users-akond-SECU_REPOS-ostk-ansi-bifrost-playbooks-roles-bifrost-keystone-install-defaults-main.yml,HTTP_USAG
/home/brokenquark/Workspace/SLIC-Ansible/ansible/Users-akond-SECU_REPOS-ostk-ansi-bifrost-playbooks-roles-bifrost-keystone-install-defaults-main.yml,HTTP_USAG
/home/brokenquark/Workspace/SLIC-Ansible/ansible/Users-akond-SECU_REPOS-ostk-ansi-bifrost-playbooks-roles-bifrost-keystone-install-defaults-main.yml,HARD_CODE_UNAME
/home/brokenquark/Workspace/SLIC-Ansible/ansible/Users-akond-SECU_REPOS-ostk-ansi-bifrost-playbooks-roles-bifrost-keystone-install-defaults-main.yml,HARD_CODE_UNAME
/home/brokenquark/Workspace/SLIC-Ansible/ansible/Users-akond-SECU_REPOS-ostk-ansi-bifrost-playbooks-roles-bifrost-keystone-install-defaults-main.yml,HARD_CODE_UNAME
/home/brokenquark/Workspace/SLIC-Ansible/ansible/Users-akond-SECU_REPOS-ostk-ansi-bifrost-playbooks-roles-bifrost-keystone-install-defaults-main.yml,HARD_CODE_UNAME
/home/brokenquark/Workspace/SLIC-Ansible/ansible/Users-akond-SECU_REPOS-ostk-ansi-bifrost-playbooks-roles-bifrost-keystone-install-defaults-main.yml,HARD_CODE_PASS
/home/brokenquark/Workspace/SLIC-Ansible/ansible/Users-akond-SECU_REPOS-ostk-ansi-bifrost-playbooks-roles-bifrost-keystone-install-defaults-main.yml,HARD_CODE_PASS
/home/brokenquark/Workspace/SLIC-Ansible/ansible/Users-akond-SECU_REPOS-ostk-ansi-bifrost-playbooks-roles-bifrost-keystone-install-defaults-main.yml,HARD_CODE_PASS
/home/brokenquark/Workspace/SLIC-Ansible/ansible/Users-akond-SECU_REPOS-ostk-ansi-bifrost-playbooks-roles-bifrost-keystone-install-defaults-main.yml,HARD_CODE_SECR
/home/brokenquark/Workspace/SLIC-Ansible/ansible/Users-akond-SECU_REPOS-ostk-ansi-bifrost-playbooks-roles-bifrost-keystone-install-defaults-main.yml,HARD_CODE_SECR
/home/brokenquark/Workspace/SLIC-Ansible/ansible/Users-akond-SECU_REPOS-ostk-ansi-bifrost-playbooks-roles-bifrost-keystone-install-defaults-main.yml,HARD_CODE_SECR
/home/brokenquark/Workspace/SLIC-Ansible/ansible/Users-akond-SECU_REPOS-ostk-ansi-bifrost-playbooks-roles-bifrost-keystone-install-defaults-main.yml,HARD_CODE_SECR
/home/brokenquark/Workspace/SLIC-Ansible/ansible/Users-akond-SECU_REPOS-ostk-ansi-bifrost-playbooks-roles-bifrost-keystone-install-defaults-main.yml,HARD_CODE_SECR
/home/brokenquark/Workspace/SLIC-Ansible/ansible/Users-akond-SECU_REPOS-ostk-ansi-bifrost-playbooks-roles-bifrost-keystone-install-defaults-main.yml,HARD_CODE_SECR
/home/brokenquark/Workspace/SLIC-Ansible/ansible/Users-akond-SECU_REPOS-ostk-ansi-bifrost-playbooks-roles-bifrost-keystone-install-defaults-main.yml,HARD_CODE_SECR
/home/brokenquark/Workspace/SLIC-Ansible/ansible/Users-akond-SECU_REPOS-ostk-ansi-bifrost-playbooks-roles-bifrost-keystone-install-defaults-main.yml,EMPT_PASS
/home/brokenquark/Workspace/SLIC-Ansible/ansible/Users-akond-SECU_REPOS-ostk-ansi-bifrost-playbooks-roles-bifrost-keystone-install-defaults-main.yml,HTTP_USAG
/home/brokenquark/Workspace/SLIC-Ansible/ansible/Users-akond-SECU_REPOS-ostk-ansi-bifrost-playbooks-roles-bifrost-keystone-install-defaults-main.yml,HTTP_USAG
/home/brokenquark/Workspace/SLIC-Ansible/ansible/Users-akond-SECU_REPOS-ostk-ansi-bifrost-playbooks-roles-bifrost-keystone-install-defaults-main.yml,HTTP_USAG
/home/brokenquark/Workspace/SLIC-Ansible/ansible/Users-akond-SECU_REPOS-ostk-ansi-bifrost-playbooks-roles-bifrost-keystone-install-defaults-main.yml,HTTP_USAG
/home/brokenquark/Workspace/SLIC-Ansible/ansible/Users-akond-SECU_REPOS-ostk-ansi-bifrost-playbooks-roles-bifrost-keystone-install-defaults-main.yml,HTTP_USAG
/home/brokenquark/Workspace/SLIC-Ansible/ansible/Users-akond-SECU_REPOS-ostk-ansi-bifrost-playbooks-roles-bifrost-keystone-install-defaults-main.yml,HARD_CODE_UNAME
/home/brokenquark/Workspace/SLIC-Ansible/ansible/Users-akond-SECU_REPOS-ostk-ansi-bifrost-playbooks-roles-bifrost-keystone-install-defaults-main.yml,HARD_CODE_UNAME
/home/brokenquark/Workspace/SLIC-Ansible/ansible/Users-akond-SECU_REPOS-ostk-ansi-bifrost-playbooks-roles-bifrost-keystone-install-defaults-main.yml,HARD_CODE_UNAME
/home/brokenquark/Workspace/SLIC-Ansible/ansible/Users-akond-SECU_REPOS-ostk-ansi-bifrost-playbooks-roles-bifrost-keystone-install-defaults-main.yml,HARD_CODE_UNAME
/home/brokenquark/Workspace/SLIC-Ansible/ansible/Users-akond-SECU_REPOS-ostk-ansi-bifrost-playbooks-roles-bifrost-keystone-install-defaults-main.yml,HARD_CODE_PASS
/home/brokenquark/Workspace/SLIC-Ansible/ansible/Users-akond-SECU_REPOS-ostk-ansi-bifrost-playbooks-roles-bifrost-keystone-install-defaults-main.yml,HARD_CODE_PASS
/home/brokenquark/Workspace/SLIC-Ansible/ansible/Users-akond-SECU_REPOS-ostk-ansi-bifrost-playbooks-roles-bifrost-keystone-install-defaults-main.yml,HARD_CODE_PASS
/home/brokenquark/Workspace/SLIC-Ansible/ansible/Users-akond-SECU_REPOS-ostk-ansi-bifrost-playbooks-roles-bifrost-keystone-install-defaults-required_defaults_Debian_jessie.yml,HARD_CODE_SECR
/home/brokenquark/Workspace/SLIC-Ansible/ansible/Users-akond-SECU_REPOS-ostk-ansi-bifrost-playbooks-roles-bifrost-keystone-install-defaults-required_defaults_Debian_jessie.yml,HARD_CODE_UNAME
/home/brokenquark/Workspace/SLIC-Ansible/ansible/Users-akond-SECU_REPOS-ostk-ansi-tripleo-quickstart-roles-libvirt-setup-overcloud-tasks-vars-libvirt_nodepool_vars.yml,HARD_CODE_SECR
/home/brokenquark/Workspace/SLIC-Ansible/ansible/Users-akond-SECU_REPOS-ostk-ansi-tripleo-quickstart-roles-libvirt-setup-overcloud-tasks-vars-libvirt_nodepool_vars.yml,HARD_CODE_PASS
/home/brokenquark/Workspace/SLIC-Ansible/ansible/Users-akond-SECU_REPOS-ostk-ansi-browbeat-ansible-install-roles-fluentd-tasks-main.yml,HARD_CODE_SECR
/home/brokenquark/Workspace/SLIC-Ansible/ansible/Users-akond-SECU_REPOS-ostk-ansi-browbeat-ansible-install-roles-fluentd-tasks-main.yml,HTTP_USAG
/home/brokenquark/Workspace/SLIC-Ansible/ansible/Users-akond-SECU_REPOS-ostk-ansi-openstack-ansible-ops-elk_metrics_6x-roles-go_install_1.10-tasks-main.yml,NONE
/home/brokenquark/Workspace/SLIC-Ansible/ansible/Users-akond-SECU_REPOS-ostk-ansi-openstack-ansible-inventory-group_vars-trove_all.yml,NONE
/home/brokenquark/Workspace/SLIC-Ansible/ansible/Users-akond-SECU_REPOS-ostk-ansi-tripleo-quickstart-roles-environment-vars-main.yml,NONE
/home/brokenquark/Workspace/SLIC-Ansible/ansible/Users-akond-SECU_REPOS-ostk-ansi-ansible-role-container-registry-vars-main.yml,NONE
/home/brokenquark/Workspace/SLIC-Ansible/ansible/Users-akond-SECU_REPOS-ostk-ansi-openstack-ansible-ops-leap-upgrades-upgrade-utilities-mitaka-playbooks-deploy-config-changes-mitaka.yml,HARD_CODE_SECR
/home/brokenquark/Workspace/SLIC-Ansible/ansible/Users-akond-SECU_REPOS-ostk-ansi-openstack-ansible-ops-leap-upgrades-upgrade-utilities-mitaka-playbooks-deploy-config-changes-mitaka.yml,HARD_CODE_UNAME
/home/brokenquark/Workspace/SLIC-Ansible/ansible/Users-akond-SECU_REPOS-ostk-ansi-openstack-ansible-playbooks-utility-install.yml,HARD_CODE_SECR
/home/brokenquark/Workspace/SLIC-Ansible/ansible/Users-akond-SECU_REPOS-ostk-ansi-openstack-ansible-playbooks-utility-install.yml,HARD_CODE_SECR
/home/brokenquark/Workspace/SLIC-Ansible/ansible/Users-akond-SECU_REPOS-ostk-ansi-openstack-ansible-playbooks-utility-install.yml,HARD_CODE_SECR
/home/brokenquark/Workspace/SLIC-Ansible/ansible/Users-akond-SECU_REPOS-ostk-ansi-openstack-ansible-playbooks-utility-install.yml,HARD_CODE_UNAME
/home/brokenquark/Workspace/SLIC-Ansible/ansible/Users-akond-SECU_REPOS-ostk-ansi-openstack-ansible-playbooks-utility-install.yml,HARD_CODE_UNAME
/home/brokenquark/Workspace/SLIC-Ansible/ansible/Users-akond-SECU_REPOS-ostk-ansi-bifrost-playbooks-roles-bifrost-unprovision-node-dynamic-tasks-main.yml,NONE
/home/brokenquark/Workspace/SLIC-Ansible/ansible/Users-akond-SECU_REPOS-ostk-ansi-openstack-ansible-inventory-group_vars-designate_all.yml,NONE
/home/brokenquark/Workspace/SLIC-Ansible/ansible/Users-akond-SECU_REPOS-ostk-ansi-openstack-ansible-ops-multi-node-aio-playbooks-group_vars-all.yml,HTTP_USAG
/home/brokenquark/Workspace/SLIC-Ansible/ansible/Users-akond-SECU_REPOS-ostk-ansi-openstack-ansible-ops-multi-node-aio-playbooks-group_vars-all.yml,HTTP_USAG
/home/brokenquark/Workspace/SLIC-Ansible/ansible/Users-akond-SECU_REPOS-ostk-ansi-openstack-ansible-ops-multi-node-aio-playbooks-group_vars-all.yml,HTTP_USAG
/home/brokenquark/Workspace/SLIC-Ansible/ansible/Users-akond-SECU_REPOS-ostk-ansi-openstack-ansible-ops-multi-node-aio-playbooks-group_vars-all.yml,HTTP_USAG
/home/brokenquark/Workspace/SLIC-Ansible/ansible/Users-akond-SECU_REPOS-ostk-ansi-openstack-ansible-ops-multi-node-aio-playbooks-group_vars-all.yml,HTTP_USAG
/home/brokenquark/Workspace/SLIC-Ansible/ansible/Users-akond-SECU_REPOS-ostk-ansi-openstack-ansible-ops-multi-node-aio-playbooks-group_vars-all.yml,HTTP_USAG
/home/brokenquark/Workspace/SLIC-Ansible/ansible/Users-akond-SECU_REPOS-ostk-ansi-openstack-ansible-ops-multi-node-aio-playbooks-group_vars-all.yml,HTTP_USAG
/home/brokenquark/Workspace/SLIC-Ansible/ansible/Users-akond-SECU_REPOS-ostk-ansi-openstack-ansible-ops-multi-node-aio-playbooks-group_vars-all.yml,HTTP_USAG
/home/brokenquark/Workspace/SLIC-Ansible/ansible/Users-akond-SECU_REPOS-ostk-ansi-openstack-ansible-ops-multi-node-aio-playbooks-group_vars-all.yml,HTTP_USAG
/home/brokenquark/Workspace/SLIC-Ansible/ansible/Users-akond-SECU_REPOS-ostk-ansi-openstack-ansible-ops-multi-node-aio-playbooks-group_vars-all.yml,HTTP_USAG
/home/brokenquark/Workspace/SLIC-Ansible/ansible/Users-akond-SECU_REPOS-ostk-ansi-openstack-ansible-ops-multi-node-aio-playbooks-group_vars-all.yml,HTTP_USAG
/home/brokenquark/Workspace/SLIC-Ansible/ansible/Users-akond-SECU_REPOS-ostk-ansi-openstack-ansible-ops-multi-node-aio-playbooks-group_vars-all.yml,HTTP_USAG
/home/brokenquark/Workspace/SLIC-Ansible/ansible/Users-akond-SECU_REPOS-ostk-ansi-openstack-ansible-ops-multi-node-aio-playbooks-group_vars-all.yml,HTTP_USAG
/home/brokenquark/Workspace/SLIC-Ansible/ansible/Users-akond-SECU_REPOS-ostk-ansi-openstack-ansible-ops-multi-node-aio-playbooks-group_vars-all.yml,HTTP_USAG
/home/brokenquark/Workspace/SLIC-Ansible/ansible/Users-akond-SECU_REPOS-ostk-ansi-openstack-ansible-ops-multi-node-aio-playbooks-group_vars-all.yml,HTTP_USAG
/home/brokenquark/Workspace/SLIC-Ansible/ansible/Users-akond-SECU_REPOS-ostk-ansi-openstack-ansible-ops-multi-node-aio-playbooks-group_vars-all.yml,HTTP_USAG
/home/brokenquark/Workspace/SLIC-Ansible/ansible/Users-akond-SECU_REPOS-ostk-ansi-openstack-ansible-ops-multi-node-aio-playbooks-group_vars-all.yml,HTTP_USAG
/home/brokenquark/Workspace/SLIC-Ansible/ansible/Users-akond-SECU_REPOS-ostk-ansi-openstack-ansible-ops-multi-node-aio-playbooks-group_vars-all.yml,HTTP_USAG
/home/brokenquark/Workspace/SLIC-Ansible/ansible/Users-akond-SECU_REPOS-ostk-ansi-openstack-ansible-ops-multi-node-aio-playbooks-group_vars-all.yml,HTTP_USAG
/home/brokenquark/Workspace/SLIC-Ansible/ansible/Users-akond-SECU_REPOS-ostk-ansi-openstack-ansible-ops-multi-node-aio-playbooks-group_vars-all.yml,HTTP_USAG
/home/brokenquark/Workspace/SLIC-Ansible/ansible/Users-akond-SECU_REPOS-ostk-ansi-openstack-ansible-ops-multi-node-aio-playbooks-group_vars-all.yml,BIND_USAG
/home/brokenquark/Workspace/SLIC-Ansible/ansible/Users-akond-SECU_REPOS-ostk-ansi-openstack-ansible-tests-roles-bootstrap-host-tasks-prepare_loopback_zfs.yml,NONE
/home/brokenquark/Workspace/SLIC-Ansible/ansible/Users-akond-SECU_REPOS-ostk-ansi-browbeat-ansible-install-roles-kibana-visualization-vars-keystone_controller_count_visualizations.yml,NONE
/home/brokenquark/Workspace/SLIC-Ansible/ansible/Users-akond-SECU_REPOS-ostk-ansi-openstack-ansible-inventory-group_vars-utility_all.yml,NONE
/home/brokenquark/Workspace/SLIC-Ansible/ansible/Users-akond-SECU_REPOS-ostk-ansi-tripleo-quickstart-roles-libvirt-setup-user-meta-main.yml,NONE
/home/brokenquark/Workspace/SLIC-Ansible/ansible/Users-akond-SECU_REPOS-ostk-ansi-openstack-ansible-inventory-env.d-designate.yml,NONE
/home/brokenquark/Workspace/SLIC-Ansible/ansible/Users-akond-SECU_REPOS-ostk-ansi-browbeat-ansible-gather-roles-rabbitmq-tasks-main.yml,NONE
/home/brokenquark/Workspace/SLIC-Ansible/ansible/Users-akond-SECU_REPOS-ostk-ansi-openstack-ansible-playbooks-common-tasks-os-lxc-container-setup.yml,SUSP_COMM
/home/brokenquark/Workspace/SLIC-Ansible/ansible/Users-akond-SECU_REPOS-ostk-ansi-openstack-ansible-playbooks-common-tasks-os-lxc-container-setup.yml,SUSP_COMM
/home/brokenquark/Workspace/SLIC-Ansible/ansible/Users-akond-SECU_REPOS-ostk-ansi-openstack-ansible-playbooks-common-tasks-os-lxc-container-setup.yml,SUSP_COMM
/home/brokenquark/Workspace/SLIC-Ansible/ansible/Users-akond-SECU_REPOS-ostk-ansi-openstack-ansible-playbooks-common-tasks-os-lxc-container-setup.yml,SUSP_COMM
/home/brokenquark/Workspace/SLIC-Ansible/ansible/Users-akond-SECU_REPOS-ostk-ansi-browbeat-ansible-browbeat-roles-nova-db-tasks-main.yml,NONE
/home/brokenquark/Workspace/SLIC-Ansible/ansible/Users-akond-SECU_REPOS-ostk-ansi-openstack-ansible-tests-roles-bootstrap-host-defaults-main.yml,NONE
/home/brokenquark/Workspace/SLIC-Ansible/ansible/Users-akond-SECU_REPOS-ostk-ansi-openstack-ansible-playbooks-lxc-containers-destroy.yml,HARD_CODE_SECR
/home/brokenquark/Workspace/SLIC-Ansible/ansible/Users-akond-SECU_REPOS-ostk-ansi-openstack-ansible-playbooks-lxc-containers-destroy.yml,HARD_CODE_SECR
/home/brokenquark/Workspace/SLIC-Ansible/ansible/Users-akond-SECU_REPOS-ostk-ansi-openstack-ansible-playbooks-lxc-containers-destroy.yml,HARD_CODE_UNAME
/home/brokenquark/Workspace/SLIC-Ansible/ansible/Users-akond-SECU_REPOS-ostk-ansi-openstack-ansible-ops-elk_metrics_6x-roles-elastic_logstash-tasks-logstash_arcsight.yml,NONE
/home/brokenquark/Workspace/SLIC-Ansible/ansible/Users-akond-SECU_REPOS-ostk-ansi-tripleo-quickstart-playbooks-libvirt-teardown.yml,NONE
/home/brokenquark/Workspace/SLIC-Ansible/ansible/Users-akond-SECU_REPOS-ostk-ansi-ansible-role-container-registry-tasks-docker-distribution.yml,NONE
/home/brokenquark/Workspace/SLIC-Ansible/ansible/Users-akond-SECU_REPOS-ostk-ansi-browbeat-ansible-gather-roles-undercloud-tasks-main.yml,NONE
/home/brokenquark/Workspace/SLIC-Ansible/ansible/Users-akond-SECU_REPOS-ostk-ansi-openstack-ansible-inventory-env.d-cinder.yml,NONE
/home/brokenquark/Workspace/SLIC-Ansible/ansible/Users-akond-SECU_REPOS-ostk-ansi-openstack-ansible-playbooks-healthcheck-hosts.yml,NONE
/home/brokenquark/Workspace/SLIC-Ansible/ansible/Users-akond-SECU_REPOS-ostk-ansi-openstack-ansible-inventory-env.d-neutron.yml,NONE
/home/brokenquark/Workspace/SLIC-Ansible/ansible/Users-akond-SECU_REPOS-ostk-ansi-openstack-ansible-inventory-env.d-rsyslog.yml,NONE
/home/brokenquark/Workspace/SLIC-Ansible/ansible/Users-akond-SECU_REPOS-ostk-ansi-openstack-ansible-ops-multi-node-aio-playbooks-host_vars-compute2.yml,NONE
/home/brokenquark/Workspace/SLIC-Ansible/ansible/Users-akond-SECU_REPOS-ostk-ansi-openstack-ansible-ops-elk_metrics_6x-tests-ansible-role-requirements.yml,NONE
/home/brokenquark/Workspace/SLIC-Ansible/ansible/Users-akond-SECU_REPOS-ostk-ansi-bifrost-playbooks-roles-bifrost-test-inspection-handlers-main.yml,NONE
/home/brokenquark/Workspace/SLIC-Ansible/ansible/Users-akond-SECU_REPOS-ostk-ansi-openstack-ansible-playbooks-os-tempest-install.yml,HARD_CODE_SECR
/home/brokenquark/Workspace/SLIC-Ansible/ansible/Users-akond-SECU_REPOS-ostk-ansi-openstack-ansible-playbooks-os-tempest-install.yml,HARD_CODE_UNAME
/home/brokenquark/Workspace/SLIC-Ansible/ansible/Users-akond-SECU_REPOS-ostk-ansi-browbeat-ansible-browbeat-roles-keystone-token-tasks-main.yml,NONE
/home/brokenquark/Workspace/SLIC-Ansible/ansible/Users-akond-SECU_REPOS-ostk-ansi-openstack-ansible-tests-roles-bootstrap-host-tasks-check-requirements.yml,NONE
/home/brokenquark/Workspace/SLIC-Ansible/ansible/Users-akond-SECU_REPOS-ostk-ansi-browbeat-ansible-install-roles-epel-defaults-main.yml,HARD_CODE_SECR
/home/brokenquark/Workspace/SLIC-Ansible/ansible/Users-akond-SECU_REPOS-ostk-ansi-browbeat-ansible-install-roles-epel-defaults-main.yml,INTE_CHCK
/home/brokenquark/Workspace/SLIC-Ansible/ansible/Users-akond-SECU_REPOS-ostk-ansi-bifrost-playbooks-roles-bifrost-test-vm-handlers-main.yml,NONE
/home/brokenquark/Workspace/SLIC-Ansible/ansible/Users-akond-SECU_REPOS-ostk-ansi-tripleo-quickstart-roles-virtbmc-defaults-main.yml,NONE
/home/brokenquark/Workspace/SLIC-Ansible/ansible/Users-akond-SECU_REPOS-ostk-ansi-openstack-ansible-inventory-group_vars-ceilometer_all.yml,NONE
/home/brokenquark/Workspace/SLIC-Ansible/ansible/Users-akond-SECU_REPOS-ostk-ansi-openstack-ansible-ops-multi-node-aio-playbooks-group_vars-all.yml,HTTP_USAG
/home/brokenquark/Workspace/SLIC-Ansible/ansible/Users-akond-SECU_REPOS-ostk-ansi-openstack-ansible-ops-multi-node-aio-playbooks-group_vars-all.yml,HTTP_USAG
/home/brokenquark/Workspace/SLIC-Ansible/ansible/Users-akond-SECU_REPOS-ostk-ansi-openstack-ansible-ops-multi-node-aio-playbooks-group_vars-all.yml,HTTP_USAG
/home/brokenquark/Workspace/SLIC-Ansible/ansible/Users-akond-SECU_REPOS-ostk-ansi-openstack-ansible-ops-multi-node-aio-playbooks-group_vars-all.yml,HTTP_USAG
/home/brokenquark/Workspace/SLIC-Ansible/ansible/Users-akond-SECU_REPOS-ostk-ansi-openstack-ansible-ops-multi-node-aio-playbooks-group_vars-all.yml,HTTP_USAG
/home/brokenquark/Workspace/SLIC-Ansible/ansible/Users-akond-SECU_REPOS-ostk-ansi-openstack-ansible-ops-multi-node-aio-playbooks-group_vars-all.yml,HTTP_USAG
/home/brokenquark/Workspace/SLIC-Ansible/ansible/Users-akond-SECU_REPOS-ostk-ansi-openstack-ansible-ops-multi-node-aio-playbooks-group_vars-all.yml,HTTP_USAG
/home/brokenquark/Workspace/SLIC-Ansible/ansible/Users-akond-SECU_REPOS-ostk-ansi-openstack-ansible-ops-multi-node-aio-playbooks-group_vars-all.yml,HTTP_USAG
/home/brokenquark/Workspace/SLIC-Ansible/ansible/Users-akond-SECU_REPOS-ostk-ansi-openstack-ansible-ops-multi-node-aio-playbooks-group_vars-all.yml,HTTP_USAG
/home/brokenquark/Workspace/SLIC-Ansible/ansible/Users-akond-SECU_REPOS-ostk-ansi-openstack-ansible-ops-multi-node-aio-playbooks-group_vars-all.yml,HTTP_USAG
/home/brokenquark/Workspace/SLIC-Ansible/ansible/Users-akond-SECU_REPOS-ostk-ansi-openstack-ansible-ops-multi-node-aio-playbooks-group_vars-all.yml,HTTP_USAG
/home/brokenquark/Workspace/SLIC-Ansible/ansible/Users-akond-SECU_REPOS-ostk-ansi-openstack-ansible-ops-multi-node-aio-playbooks-group_vars-all.yml,HTTP_USAG
/home/brokenquark/Workspace/SLIC-Ansible/ansible/Users-akond-SECU_REPOS-ostk-ansi-openstack-ansible-ops-multi-node-aio-playbooks-group_vars-all.yml,HTTP_USAG
/home/brokenquark/Workspace/SLIC-Ansible/ansible/Users-akond-SECU_REPOS-ostk-ansi-openstack-ansible-ops-multi-node-aio-playbooks-group_vars-all.yml,HTTP_USAG
/home/brokenquark/Workspace/SLIC-Ansible/ansible/Users-akond-SECU_REPOS-ostk-ansi-openstack-ansible-ops-multi-node-aio-playbooks-group_vars-all.yml,HTTP_USAG
/home/brokenquark/Workspace/SLIC-Ansible/ansible/Users-akond-SECU_REPOS-ostk-ansi-openstack-ansible-ops-multi-node-aio-playbooks-group_vars-all.yml,HTTP_USAG
/home/brokenquark/Workspace/SLIC-Ansible/ansible/Users-akond-SECU_REPOS-ostk-ansi-openstack-ansible-ops-multi-node-aio-playbooks-group_vars-all.yml,HTTP_USAG
/home/brokenquark/Workspace/SLIC-Ansible/ansible/Users-akond-SECU_REPOS-ostk-ansi-openstack-ansible-ops-multi-node-aio-playbooks-group_vars-all.yml,HTTP_USAG
/home/brokenquark/Workspace/SLIC-Ansible/ansible/Users-akond-SECU_REPOS-ostk-ansi-openstack-ansible-ops-multi-node-aio-playbooks-group_vars-all.yml,HTTP_USAG
/home/brokenquark/Workspace/SLIC-Ansible/ansible/Users-akond-SECU_REPOS-ostk-ansi-openstack-ansible-ops-multi-node-aio-playbooks-group_vars-all.yml,HTTP_USAG
/home/brokenquark/Workspace/SLIC-Ansible/ansible/Users-akond-SECU_REPOS-ostk-ansi-openstack-ansible-ops-multi-node-aio-playbooks-group_vars-all.yml,BIND_USAG
/home/brokenquark/Workspace/SLIC-Ansible/ansible/Users-akond-SECU_REPOS-ostk-ansi-openstack-ansible-ops-multi-node-aio-playbooks-group_vars-all.yml,HTTP_USAG
/home/brokenquark/Workspace/SLIC-Ansible/ansible/Users-akond-SECU_REPOS-ostk-ansi-openstack-ansible-ops-multi-node-aio-playbooks-group_vars-all.yml,HTTP_USAG
/home/brokenquark/Workspace/SLIC-Ansible/ansible/Users-akond-SECU_REPOS-ostk-ansi-openstack-ansible-ops-multi-node-aio-playbooks-group_vars-all.yml,HTTP_USAG
/home/brokenquark/Workspace/SLIC-Ansible/ansible/Users-akond-SECU_REPOS-ostk-ansi-openstack-ansible-ops-multi-node-aio-playbooks-group_vars-all.yml,HTTP_USAG
/home/brokenquark/Workspace/SLIC-Ansible/ansible/Users-akond-SECU_REPOS-ostk-ansi-openstack-ansible-ops-multi-node-aio-playbooks-group_vars-all.yml,HTTP_USAG
/home/brokenquark/Workspace/SLIC-Ansible/ansible/Users-akond-SECU_REPOS-ostk-ansi-openstack-ansible-ops-multi-node-aio-playbooks-group_vars-all.yml,HTTP_USAG
/home/brokenquark/Workspace/SLIC-Ansible/ansible/Users-akond-SECU_REPOS-ostk-ansi-openstack-ansible-ops-multi-node-aio-playbooks-group_vars-all.yml,HTTP_USAG
/home/brokenquark/Workspace/SLIC-Ansible/ansible/Users-akond-SECU_REPOS-ostk-ansi-openstack-ansible-ops-multi-node-aio-playbooks-group_vars-all.yml,HTTP_USAG
/home/brokenquark/Workspace/SLIC-Ansible/ansible/Users-akond-SECU_REPOS-ostk-ansi-openstack-ansible-ops-multi-node-aio-playbooks-group_vars-all.yml,HTTP_USAG
/home/brokenquark/Workspace/SLIC-Ansible/ansible/Users-akond-SECU_REPOS-ostk-ansi-openstack-ansible-ops-multi-node-aio-playbooks-group_vars-all.yml,HTTP_USAG
/home/brokenquark/Workspace/SLIC-Ansible/ansible/Users-akond-SECU_REPOS-ostk-ansi-openstack-ansible-ops-multi-node-aio-playbooks-group_vars-all.yml,HTTP_USAG
/home/brokenquark/Workspace/SLIC-Ansible/ansible/Users-akond-SECU_REPOS-ostk-ansi-openstack-ansible-ops-multi-node-aio-playbooks-group_vars-all.yml,HTTP_USAG
/home/brokenquark/Workspace/SLIC-Ansible/ansible/Users-akond-SECU_REPOS-ostk-ansi-openstack-ansible-ops-multi-node-aio-playbooks-group_vars-all.yml,HTTP_USAG
/home/brokenquark/Workspace/SLIC-Ansible/ansible/Users-akond-SECU_REPOS-ostk-ansi-openstack-ansible-ops-multi-node-aio-playbooks-group_vars-all.yml,HTTP_USAG
/home/brokenquark/Workspace/SLIC-Ansible/ansible/Users-akond-SECU_REPOS-ostk-ansi-openstack-ansible-ops-multi-node-aio-playbooks-group_vars-all.yml,HTTP_USAG
/home/brokenquark/Workspace/SLIC-Ansible/ansible/Users-akond-SECU_REPOS-ostk-ansi-openstack-ansible-ops-multi-node-aio-playbooks-group_vars-all.yml,HTTP_USAG
/home/brokenquark/Workspace/SLIC-Ansible/ansible/Users-akond-SECU_REPOS-ostk-ansi-openstack-ansible-ops-multi-node-aio-playbooks-group_vars-all.yml,HTTP_USAG
/home/brokenquark/Workspace/SLIC-Ansible/ansible/Users-akond-SECU_REPOS-ostk-ansi-openstack-ansible-ops-multi-node-aio-playbooks-group_vars-all.yml,HTTP_USAG
/home/brokenquark/Workspace/SLIC-Ansible/ansible/Users-akond-SECU_REPOS-ostk-ansi-openstack-ansible-ops-multi-node-aio-playbooks-group_vars-all.yml,HTTP_USAG
/home/brokenquark/Workspace/SLIC-Ansible/ansible/Users-akond-SECU_REPOS-ostk-ansi-openstack-ansible-ops-multi-node-aio-playbooks-group_vars-all.yml,HTTP_USAG
/home/brokenquark/Workspace/SLIC-Ansible/ansible/Users-akond-SECU_REPOS-ostk-ansi-openstack-ansible-ops-multi-node-aio-playbooks-group_vars-all.yml,BIND_USAG
/home/brokenquark/Workspace/SLIC-Ansible/ansible/Users-akond-SECU_REPOS-ostk-ansi-openstack-ansible-ops-elk_metrics_6x-roles-elastic_journalbeat-vars-redhat.yml,NONE
/home/brokenquark/Workspace/SLIC-Ansible/ansible/Users-akond-SECU_REPOS-ostk-ansi-openstack-ansible-ops-pxelinux-provisioning-playbooks-deploy-dhcp.yml,HARD_CODE_SECR
/home/brokenquark/Workspace/SLIC-Ansible/ansible/Users-akond-SECU_REPOS-ostk-ansi-openstack-ansible-ops-pxelinux-provisioning-playbooks-deploy-dhcp.yml,HARD_CODE_SECR
/home/brokenquark/Workspace/SLIC-Ansible/ansible/Users-akond-SECU_REPOS-ostk-ansi-openstack-ansible-ops-pxelinux-provisioning-playbooks-deploy-dhcp.yml,HARD_CODE_UNAME
/home/brokenquark/Workspace/SLIC-Ansible/ansible/Users-akond-SECU_REPOS-ostk-ansi-openstack-ansible-ops-pxelinux-provisioning-playbooks-deploy-dhcp.yml,HARD_CODE_UNAME
/home/brokenquark/Workspace/SLIC-Ansible/ansible/Users-akond-SECU_REPOS-ostk-ansi-openstack-ansible-playbooks-os-designate-install.yml,HARD_CODE_SECR
/home/brokenquark/Workspace/SLIC-Ansible/ansible/Users-akond-SECU_REPOS-ostk-ansi-openstack-ansible-playbooks-os-designate-install.yml,HARD_CODE_UNAME
/home/brokenquark/Workspace/SLIC-Ansible/ansible/Users-akond-SECU_REPOS-ostk-ansi-tripleo-quickstart-roles-libvirt-setup-undercloud-tasks-inject_repos.yml,NONE
/home/brokenquark/Workspace/SLIC-Ansible/ansible/Users-akond-SECU_REPOS-ostk-ansi-openstack-ansible-ops-elk_metrics_6x-roles-elastic_filebeat-tasks-main.yml,HARD_CODE_SECR
/home/brokenquark/Workspace/SLIC-Ansible/ansible/Users-akond-SECU_REPOS-ostk-ansi-openstack-ansible-ops-elk_metrics_6x-roles-elastic_filebeat-tasks-main.yml,INTE_CHCK
/home/brokenquark/Workspace/SLIC-Ansible/ansible/Users-akond-SECU_REPOS-ostk-ansi-openstack-ansible-ops-elk_metrics_6x-roles-elastic_filebeat-tasks-main.yml,HARD_CODE_UNAME
/home/brokenquark/Workspace/SLIC-Ansible/ansible/Users-akond-SECU_REPOS-ostk-ansi-bifrost-playbooks-roles-bifrost-keystone-client-config-defaults-main.yml,HTTP_USAG
/home/brokenquark/Workspace/SLIC-Ansible/ansible/Users-akond-SECU_REPOS-ostk-ansi-bifrost-playbooks-roles-bifrost-keystone-client-config-defaults-main.yml,HTTP_USAG
/home/brokenquark/Workspace/SLIC-Ansible/ansible/Users-akond-SECU_REPOS-ostk-ansi-bifrost-playbooks-roles-bifrost-keystone-client-config-defaults-main.yml,HTTP_USAG
/home/brokenquark/Workspace/SLIC-Ansible/ansible/Users-akond-SECU_REPOS-ostk-ansi-bifrost-playbooks-roles-bifrost-keystone-client-config-defaults-main.yml,HTTP_USAG
/home/brokenquark/Workspace/SLIC-Ansible/ansible/Users-akond-SECU_REPOS-ostk-ansi-browbeat-ansible-install-roles-common-tasks-main.yml,NONE
/home/brokenquark/Workspace/SLIC-Ansible/ansible/Users-akond-SECU_REPOS-ostk-ansi-bifrost-playbooks-roles-bifrost-keystone-install-defaults-required_defaults_Fedora_22.yml,NONE
/home/brokenquark/Workspace/SLIC-Ansible/ansible/Users-akond-SECU_REPOS-ostk-ansi-openstack-ansible-ops-elk_metrics_6x-roles-elasticsearch-meta-main.yml,HARD_CODE_SECR
/home/brokenquark/Workspace/SLIC-Ansible/ansible/Users-akond-SECU_REPOS-ostk-ansi-openstack-ansible-ops-elk_metrics_6x-roles-elasticsearch-meta-main.yml,HARD_CODE_UNAME
/home/brokenquark/Workspace/SLIC-Ansible/ansible/Users-akond-SECU_REPOS-ostk-ansi-openstack-ansible-ops-elk_metrics_6x-roles-elastic_rollup-defaults-main.yml,NONE
/home/brokenquark/Workspace/SLIC-Ansible/ansible/Users-akond-SECU_REPOS-ostk-ansi-ansible-role-systemd_mount-tasks-systemd_mounts.yml,HARD_CODE_SECR
/home/brokenquark/Workspace/SLIC-Ansible/ansible/Users-akond-SECU_REPOS-ostk-ansi-ansible-role-systemd_mount-tasks-systemd_mounts.yml,HARD_CODE_UNAME
/home/brokenquark/Workspace/SLIC-Ansible/ansible/Users-akond-SECU_REPOS-ostk-ansi-openstack-ansible-ops-elk_metrics_6x-roles-elastic_kibana-meta-main.yml,NONE
/home/brokenquark/Workspace/SLIC-Ansible/ansible/Users-akond-SECU_REPOS-ostk-ansi-bifrost-playbooks-roles-bifrost-test-dhcp-defaults-main.yml,NONE
/home/brokenquark/Workspace/SLIC-Ansible/ansible/Users-akond-SECU_REPOS-ostk-ansi-bifrost-playbooks-roles-bifrost-ironic-install-defaults-required_defaults_Ubuntu_15.04.yml,NONE
/home/brokenquark/Workspace/SLIC-Ansible/ansible/Users-akond-SECU_REPOS-ostk-ansi-networking-ovn-migration-tripleo_environment-playbooks-ovn-migration.yml,NONE
/home/brokenquark/Workspace/SLIC-Ansible/ansible/Users-akond-SECU_REPOS-ostk-ansi-ansible-role-tripleo-modify-image-tasks-modify_image.yml,SUSP_COMM
/home/brokenquark/Workspace/SLIC-Ansible/ansible/Users-akond-SECU_REPOS-ostk-ansi-bifrost-playbooks-install.yaml,NONE
/home/brokenquark/Workspace/SLIC-Ansible/ansible/Users-akond-SECU_REPOS-ostk-ansi-browbeat-ansible-install-roles-grafana-dashboards-templates-partials-processes.yaml,NONE
/home/brokenquark/Workspace/SLIC-Ansible/ansible/Users-akond-SECU_REPOS-ostk-ansi-windmill-playbooks-zuul-fingergw.yaml,NONE
/home/brokenquark/Workspace/SLIC-Ansible/ansible/Users-akond-SECU_REPOS-ostk-ansi-puppet-openstack-integration-playbooks-run-syntax-tests.yaml,NONE
/home/brokenquark/Workspace/SLIC-Ansible/ansible/Users-akond-SECU_REPOS-ostk-ansi-browbeat-ansible-install-roles-grafana-dashboards-files-cloud_instance_count.yaml,NONE
/home/brokenquark/Workspace/SLIC-Ansible/ansible/Users-akond-SECU_REPOS-ostk-ansi-puppet-openstack-integration-playbooks-prepare-node-unit.yaml,NONE
/home/brokenquark/Workspace/SLIC-Ansible/ansible/Users-akond-SECU_REPOS-ostk-ansi-windmill-playbooks-zookeeper.yaml,NONE
/home/brokenquark/Workspace/SLIC-Ansible/ansible/Users-akond-SECU_REPOS-ostk-ansi-ansible-role-systemd_networkd-zuul.d-project.yaml,NONE
/home/brokenquark/Workspace/SLIC-Ansible/ansible/Users-akond-SECU_REPOS-ostk-ansi-ansible-role-systemd_mount-ansible-role-requirements.yaml,NONE
/home/brokenquark/Workspace/SLIC-Ansible/ansible/Users-akond-SECU_REPOS-ostk-ansi-browbeat-ansible-install-roles-grafana-dashboards-templates-partials-ironic_metrics.yaml,NONE
/home/brokenquark/Workspace/SLIC-Ansible/ansible/Users-akond-SECU_REPOS-ostk-ansi-windmill-playbooks-bootstrap.yaml,NONE
